bmode,pd,label
/home/arpitsinghrulania/newplacentadata/0/0.nii.gz,/home/arpitsinghrulania/newplacentadata/0/0_pd.nii.gz,/home/arpitsinghrulania/newplacentadata/0/0_thresh.nii.gz
/home/arpitsinghrulania/newplacentadata/1/1.nii.gz,/home/arpitsinghrulania/newplacentadata/1/1_pd.nii.gz,/home/arpitsinghrulania/newplacentadata/1/1_thresh.nii.gz
/home/arpitsinghrulania/newplacentadata/2/2.nii.gz,/home/arpitsinghrulania/newplacentadata/2/2_pd.nii.gz,/home/arpitsinghrulania/newplacentadata/2/2_thresh.nii.gz
/home/arpitsinghrulania/newplacentadata/3/3.nii.gz,/home/arpitsinghrulania/newplacentadata/3/3_pd.nii.gz,/home/arpitsinghrulania/newplacentadata/3/3_thresh.nii.gz
/home/arpitsinghrulania/newplacentadata/4/4.nii.gz,/home/arpitsinghrulania/newplacentadata/4/4_pd.nii.gz,/home/arpitsinghrulania/newplacentadata/4/4_thresh.nii.gz
/home/arpitsinghrulania/newplacentadata/5/5.nii.gz,/home/arpitsinghrulania/newplacentadata/5/5_pd.nii.gz,/home/arpitsinghrulania/newplacentadata/5/5_thresh.nii.gz
/home/arpitsinghrulania/newplacentadata/6/6.nii.gz,/home/arpitsinghrulania/newplacentadata/6/6_pd.nii.gz,/home/arpitsinghrulania/newplacentadata/6/6_thresh.nii.gz
/home/arpitsinghrulania/newplacentadata/7/7.nii.gz,/home/arpitsinghrulania/newplacentadata/7/7_pd.nii.gz,/home/arpitsinghrulania/newplacentadata/7/7_thresh.nii.gz
/home/arpitsinghrulania/newplacentadata/8/8.nii.gz,/home/arpitsinghrulania/newplacentadata/8/8_pd.nii.gz,/home/arpitsinghrulania/newplacentadata/8/8_thresh.nii.gz
/home/arpitsinghrulania/newplacentadata/9/9.nii.gz,/home/arpitsinghrulania/newplacentadata/9/9_pd.nii.gz,/home/arpitsinghrulania/newplacentadata/9/9_thresh.nii.gz
/home/arpitsinghrulania/newplacentadata/10/10.nii.gz,/home/arpitsinghrulania/newplacentadata/10/10_pd.nii.gz,/home/arpitsinghrulania/newplacentadata/10/10_thresh.nii.gz
/home/arpitsinghrulania/newplacentadata/11/11.nii.gz,/home/arpitsinghrulania/newplacentadata/11/11_pd.nii.gz,/home/arpitsinghrulania/newplacentadata/11/11_thresh.nii.gz
/home/arpitsinghrulania/newplacentadata/12/12.nii.gz,/home/arpitsinghrulania/newplacentadata/12/12_pd.nii.gz,/home/arpitsinghrulania/newplacentadata/12/12_thresh.nii.gz
/home/arpitsinghrulania/newplacentadata/13/13.nii.gz,/home/arpitsinghrulania/newplacentadata/13/13_pd.nii.gz,/home/arpitsinghrulania/newplacentadata/13/13_thresh.nii.gz
/home/arpitsinghrulania/newplacentadata/14/14.nii.gz,/home/arpitsinghrulania/newplacentadata/14/14_pd.nii.gz,/home/arpitsinghrulania/newplacentadata/14/14_thresh.nii.gz
/home/arpitsinghrulania/newplacentadata/15/15.nii.gz,/home/arpitsinghrulania/newplacentadata/15/15_pd.nii.gz,/home/arpitsinghrulania/newplacentadata/15/15_thresh.nii.gz
/home/arpitsinghrulania/newplacentadata/16/16.nii.gz,/home/arpitsinghrulania/newplacentadata/16/16_pd.nii.gz,/home/arpitsinghrulania/newplacentadata/16/16_thresh.nii.gz
/home/arpitsinghrulania/newplacentadata/17/17.nii.gz,/home/arpitsinghrulania/newplacentadata/17/17_pd.nii.gz,/home/arpitsinghrulania/newplacentadata/17/17_thresh.nii.gz
/home/arpitsinghrulania/newplacentadata/18/18.nii.gz,/home/arpitsinghrulania/newplacentadata/18/18_pd.nii.gz,/home/arpitsinghrulania/newplacentadata/18/18_thresh.nii.gz
/home/arpitsinghrulania/newplacentadata/19/19.nii.gz,/home/arpitsinghrulania/newplacentadata/19/19_pd.nii.gz,/home/arpitsinghrulania/newplacentadata/19/19_thresh.nii.gz
/home/arpitsinghrulania/newplacentadata/20/20.nii.gz,/home/arpitsinghrulania/newplacentadata/20/20_pd.nii.gz,/home/arpitsinghrulania/newplacentadata/20/20_thresh.nii.gz
/home/arpitsinghrulania/newplacentadata/21/21.nii.gz,/home/arpitsinghrulania/newplacentadata/21/21_pd.nii.gz,/home/arpitsinghrulania/newplacentadata/21/21_thresh.nii.gz
/home/arpitsinghrulania/newplacentadata/22/22.nii.gz,/home/arpitsinghrulania/newplacentadata/22/22_pd.nii.gz,/home/arpitsinghrulania/newplacentadata/22/22_thresh.nii.gz
/home/arpitsinghrulania/newplacentadata/23/23.nii.gz,/home/arpitsinghrulania/newplacentadata/23/23_pd.nii.gz,/home/arpitsinghrulania/newplacentadata/23/23_thresh.nii.gz
/home/arpitsinghrulania/newplacentadata/24/24.nii.gz,/home/arpitsinghrulania/newplacentadata/24/24_pd.nii.gz,/home/arpitsinghrulania/newplacentadata/24/24_thresh.nii.gz
/home/arpitsinghrulania/newplacentadata/25/25.nii.gz,/home/arpitsinghrulania/newplacentadata/25/25_pd.nii.gz,/home/arpitsinghrulania/newplacentadata/25/25_thresh.nii.gz
/home/arpitsinghrulania/newplacentadata/26/26.nii.gz,/home/arpitsinghrulania/newplacentadata/26/26_pd.nii.gz,/home/arpitsinghrulania/newplacentadata/26/26_thresh.nii.gz
/home/arpitsinghrulania/newplacentadata/27/27.nii.gz,/home/arpitsinghrulania/newplacentadata/27/27_pd.nii.gz,/home/arpitsinghrulania/newplacentadata/27/27_thresh.nii.gz
/home/arpitsinghrulania/newplacentadata/28/28.nii.gz,/home/arpitsinghrulania/newplacentadata/28/28_pd.nii.gz,/home/arpitsinghrulania/newplacentadata/28/28_thresh.nii.gz
/home/arpitsinghrulania/newplacentadata/29/29.nii.gz,/home/arpitsinghrulania/newplacentadata/29/29_pd.nii.gz,/home/arpitsinghrulania/newplacentadata/29/29_thresh.nii.gz
/home/arpitsinghrulania/newplacentadata/30/30.nii.gz,/home/arpitsinghrulania/newplacentadata/30/30_pd.nii.gz,/home/arpitsinghrulania/newplacentadata/30/30_thresh.nii.gz
/home/arpitsinghrulania/newplacentadata/31/31.nii.gz,/home/arpitsinghrulania/newplacentadata/31/31_pd.nii.gz,/home/arpitsinghrulania/newplacentadata/31/31_thresh.nii.gz
/home/arpitsinghrulania/newplacentadata/32/32.nii.gz,/home/arpitsinghrulania/newplacentadata/32/32_pd.nii.gz,/home/arpitsinghrulania/newplacentadata/32/32_thresh.nii.gz
/home/arpitsinghrulania/newplacentadata/33/33.nii.gz,/home/arpitsinghrulania/newplacentadata/33/33_pd.nii.gz,/home/arpitsinghrulania/newplacentadata/33/33_thresh.nii.gz
/home/arpitsinghrulania/newplacentadata/34/34.nii.gz,/home/arpitsinghrulania/newplacentadata/34/34_pd.nii.gz,/home/arpitsinghrulania/newplacentadata/34/34_thresh.nii.gz
/home/arpitsinghrulania/newplacentadata/35/35.nii.gz,/home/arpitsinghrulania/newplacentadata/35/35_pd.nii.gz,/home/arpitsinghrulania/newplacentadata/35/35_thresh.nii.gz
/home/arpitsinghrulania/newplacentadata/36/36.nii.gz,/home/arpitsinghrulania/newplacentadata/36/36_pd.nii.gz,/home/arpitsinghrulania/newplacentadata/36/36_thresh.nii.gz
/home/arpitsinghrulania/newplacentadata/37/37.nii.gz,/home/arpitsinghrulania/newplacentadata/37/37_pd.nii.gz,/home/arpitsinghrulania/newplacentadata/37/37_thresh.nii.gz
/home/arpitsinghrulania/newplacentadata/38/38.nii.gz,/home/arpitsinghrulania/newplacentadata/38/38_pd.nii.gz,/home/arpitsinghrulania/newplacentadata/38/38_thresh.nii.gz
/home/arpitsinghrulania/newplacentadata/39/39.nii.gz,/home/arpitsinghrulania/newplacentadata/39/39_pd.nii.gz,/home/arpitsinghrulania/newplacentadata/39/39_thresh.nii.gz
/home/arpitsinghrulania/newplacentadata/40/40.nii.gz,/home/arpitsinghrulania/newplacentadata/40/40_pd.nii.gz,/home/arpitsinghrulania/newplacentadata/40/40_thresh.nii.gz
/home/arpitsinghrulania/newplacentadata/41/41.nii.gz,/home/arpitsinghrulania/newplacentadata/41/41_pd.nii.gz,/home/arpitsinghrulania/newplacentadata/41/41_thresh.nii.gz
/home/arpitsinghrulania/newplacentadata/42/42.nii.gz,/home/arpitsinghrulania/newplacentadata/42/42_pd.nii.gz,/home/arpitsinghrulania/newplacentadata/42/42_thresh.nii.gz
/home/arpitsinghrulania/newplacentadata/43/43.nii.gz,/home/arpitsinghrulania/newplacentadata/43/43_pd.nii.gz,/home/arpitsinghrulania/newplacentadata/43/43_thresh.nii.gz
/home/arpitsinghrulania/newplacentadata/44/44.nii.gz,/home/arpitsinghrulania/newplacentadata/44/44_pd.nii.gz,/home/arpitsinghrulania/newplacentadata/44/44_thresh.nii.gz
/home/arpitsinghrulania/newplacentadata/45/45.nii.gz,/home/arpitsinghrulania/newplacentadata/45/45_pd.nii.gz,/home/arpitsinghrulania/newplacentadata/45/45_thresh.nii.gz
/home/arpitsinghrulania/newplacentadata/46/46.nii.gz,/home/arpitsinghrulania/newplacentadata/46/46_pd.nii.gz,/home/arpitsinghrulania/newplacentadata/46/46_thresh.nii.gz
/home/arpitsinghrulania/newplacentadata/47/47.nii.gz,/home/arpitsinghrulania/newplacentadata/47/47_pd.nii.gz,/home/arpitsinghrulania/newplacentadata/47/47_thresh.nii.gz
/home/arpitsinghrulania/newplacentadata/48/48.nii.gz,/home/arpitsinghrulania/newplacentadata/48/48_pd.nii.gz,/home/arpitsinghrulania/newplacentadata/48/48_thresh.nii.gz
/home/arpitsinghrulania/newplacentadata/49/49.nii.gz,/home/arpitsinghrulania/newplacentadata/49/49_pd.nii.gz,/home/arpitsinghrulania/newplacentadata/49/49_thresh.nii.gz
/home/arpitsinghrulania/newplacentadata/50/50.nii.gz,/home/arpitsinghrulania/newplacentadata/50/50_pd.nii.gz,/home/arpitsinghrulania/newplacentadata/50/50_thresh.nii.gz
/home/arpitsinghrulania/newplacentadata/51/51.nii.gz,/home/arpitsinghrulania/newplacentadata/51/51_pd.nii.gz,/home/arpitsinghrulania/newplacentadata/51/51_thresh.nii.gz
/home/arpitsinghrulania/newplacentadata/52/52.nii.gz,/home/arpitsinghrulania/newplacentadata/52/52_pd.nii.gz,/home/arpitsinghrulania/newplacentadata/52/52_thresh.nii.gz
/home/arpitsinghrulania/newplacentadata/53/53.nii.gz,/home/arpitsinghrulania/newplacentadata/53/53_pd.nii.gz,/home/arpitsinghrulania/newplacentadata/53/53_thresh.nii.gz
/home/arpitsinghrulania/newplacentadata/54/54.nii.gz,/home/arpitsinghrulania/newplacentadata/54/54_pd.nii.gz,/home/arpitsinghrulania/newplacentadata/54/54_thresh.nii.gz
/home/arpitsinghrulania/newplacentadata/55/55.nii.gz,/home/arpitsinghrulania/newplacentadata/55/55_pd.nii.gz,/home/arpitsinghrulania/newplacentadata/55/55_thresh.nii.gz
/home/arpitsinghrulania/newplacentadata/56/56.nii.gz,/home/arpitsinghrulania/newplacentadata/56/56_pd.nii.gz,/home/arpitsinghrulania/newplacentadata/56/56_thresh.nii.gz
/home/arpitsinghrulania/newplacentadata/57/57.nii.gz,/home/arpitsinghrulania/newplacentadata/57/57_pd.nii.gz,/home/arpitsinghrulania/newplacentadata/57/57_thresh.nii.gz
/home/arpitsinghrulania/newplacentadata/58/58.nii.gz,/home/arpitsinghrulania/newplacentadata/58/58_pd.nii.gz,/home/arpitsinghrulania/newplacentadata/58/58_thresh.nii.gz
/home/arpitsinghrulania/newplacentadata/59/59.nii.gz,/home/arpitsinghrulania/newplacentadata/59/59_pd.nii.gz,/home/arpitsinghrulania/newplacentadata/59/59_thresh.nii.gz
/home/arpitsinghrulania/newplacentadata/60/60.nii.gz,/home/arpitsinghrulania/newplacentadata/60/60_pd.nii.gz,/home/arpitsinghrulania/newplacentadata/60/60_thresh.nii.gz
/home/arpitsinghrulania/newplacentadata/61/61.nii.gz,/home/arpitsinghrulania/newplacentadata/61/61_pd.nii.gz,/home/arpitsinghrulania/newplacentadata/61/61_thresh.nii.gz
/home/arpitsinghrulania/newplacentadata/62/62.nii.gz,/home/arpitsinghrulania/newplacentadata/62/62_pd.nii.gz,/home/arpitsinghrulania/newplacentadata/62/62_thresh.nii.gz
/home/arpitsinghrulania/newplacentadata/63/63.nii.gz,/home/arpitsinghrulania/newplacentadata/63/63_pd.nii.gz,/home/arpitsinghrulania/newplacentadata/63/63_thresh.nii.gz
/home/arpitsinghrulania/newplacentadata/64/64.nii.gz,/home/arpitsinghrulania/newplacentadata/64/64_pd.nii.gz,/home/arpitsinghrulania/newplacentadata/64/64_thresh.nii.gz
/home/arpitsinghrulania/newplacentadata/65/65.nii.gz,/home/arpitsinghrulania/newplacentadata/65/65_pd.nii.gz,/home/arpitsinghrulania/newplacentadata/65/65_thresh.nii.gz
/home/arpitsinghrulania/newplacentadata/66/66.nii.gz,/home/arpitsinghrulania/newplacentadata/66/66_pd.nii.gz,/home/arpitsinghrulania/newplacentadata/66/66_thresh.nii.gz
/home/arpitsinghrulania/newplacentadata/67/67.nii.gz,/home/arpitsinghrulania/newplacentadata/67/67_pd.nii.gz,/home/arpitsinghrulania/newplacentadata/67/67_thresh.nii.gz
/home/arpitsinghrulania/newplacentadata/68/68.nii.gz,/home/arpitsinghrulania/newplacentadata/68/68_pd.nii.gz,/home/arpitsinghrulania/newplacentadata/68/68_thresh.nii.gz
/home/arpitsinghrulania/newplacentadata/69/69.nii.gz,/home/arpitsinghrulania/newplacentadata/69/69_pd.nii.gz,/home/arpitsinghrulania/newplacentadata/69/69_thresh.nii.gz
/home/arpitsinghrulania/newplacentadata/70/70.nii.gz,/home/arpitsinghrulania/newplacentadata/70/70_pd.nii.gz,/home/arpitsinghrulania/newplacentadata/70/70_thresh.nii.gz
/home/arpitsinghrulania/newplacentadata/71/71.nii.gz,/home/arpitsinghrulania/newplacentadata/71/71_pd.nii.gz,/home/arpitsinghrulania/newplacentadata/71/71_thresh.nii.gz
/home/arpitsinghrulania/newplacentadata/72/72.nii.gz,/home/arpitsinghrulania/newplacentadata/72/72_pd.nii.gz,/home/arpitsinghrulania/newplacentadata/72/72_thresh.nii.gz
/home/arpitsinghrulania/newplacentadata/73/73.nii.gz,/home/arpitsinghrulania/newplacentadata/73/73_pd.nii.gz,/home/arpitsinghrulania/newplacentadata/73/73_thresh.nii.gz
/home/arpitsinghrulania/newplacentadata/74/74.nii.gz,/home/arpitsinghrulania/newplacentadata/74/74_pd.nii.gz,/home/arpitsinghrulania/newplacentadata/74/74_thresh.nii.gz
/home/arpitsinghrulania/newplacentadata/75/75.nii.gz,/home/arpitsinghrulania/newplacentadata/75/75_pd.nii.gz,/home/arpitsinghrulania/newplacentadata/75/75_thresh.nii.gz
/home/arpitsinghrulania/newplacentadata/76/76.nii.gz,/home/arpitsinghrulania/newplacentadata/76/76_pd.nii.gz,/home/arpitsinghrulania/newplacentadata/76/76_thresh.nii.gz
/home/arpitsinghrulania/newplacentadata/77/77.nii.gz,/home/arpitsinghrulania/newplacentadata/77/77_pd.nii.gz,/home/arpitsinghrulania/newplacentadata/77/77_thresh.nii.gz
/home/arpitsinghrulania/newplacentadata/78/78.nii.gz,/home/arpitsinghrulania/newplacentadata/78/78_pd.nii.gz,/home/arpitsinghrulania/newplacentadata/78/78_thresh.nii.gz
/home/arpitsinghrulania/newplacentadata/79/79.nii.gz,/home/arpitsinghrulania/newplacentadata/79/79_pd.nii.gz,/home/arpitsinghrulania/newplacentadata/79/79_thresh.nii.gz
/home/arpitsinghrulania/newplacentadata/80/80.nii.gz,/home/arpitsinghrulania/newplacentadata/80/80_pd.nii.gz,/home/arpitsinghrulania/newplacentadata/80/80_thresh.nii.gz
/home/arpitsinghrulania/newplacentadata/81/81.nii.gz,/home/arpitsinghrulania/newplacentadata/81/81_pd.nii.gz,/home/arpitsinghrulania/newplacentadata/81/81_thresh.nii.gz
/home/arpitsinghrulania/newplacentadata/82/82.nii.gz,/home/arpitsinghrulania/newplacentadata/82/82_pd.nii.gz,/home/arpitsinghrulania/newplacentadata/82/82_thresh.nii.gz
/home/arpitsinghrulania/newplacentadata/83/83.nii.gz,/home/arpitsinghrulania/newplacentadata/83/83_pd.nii.gz,/home/arpitsinghrulania/newplacentadata/83/83_thresh.nii.gz
/home/arpitsinghrulania/newplacentadata/84/84.nii.gz,/home/arpitsinghrulania/newplacentadata/84/84_pd.nii.gz,/home/arpitsinghrulania/newplacentadata/84/84_thresh.nii.gz
/home/arpitsinghrulania/newplacentadata/85/85.nii.gz,/home/arpitsinghrulania/newplacentadata/85/85_pd.nii.gz,/home/arpitsinghrulania/newplacentadata/85/85_thresh.nii.gz
/home/arpitsinghrulania/newplacentadata/86/86.nii.gz,/home/arpitsinghrulania/newplacentadata/86/86_pd.nii.gz,/home/arpitsinghrulania/newplacentadata/86/86_thresh.nii.gz
/home/arpitsinghrulania/newplacentadata/87/87.nii.gz,/home/arpitsinghrulania/newplacentadata/87/87_pd.nii.gz,/home/arpitsinghrulania/newplacentadata/87/87_thresh.nii.gz
/home/arpitsinghrulania/newplacentadata/88/88.nii.gz,/home/arpitsinghrulania/newplacentadata/88/88_pd.nii.gz,/home/arpitsinghrulania/newplacentadata/88/88_thresh.nii.gz
/home/arpitsinghrulania/newplacentadata/89/89.nii.gz,/home/arpitsinghrulania/newplacentadata/89/89_pd.nii.gz,/home/arpitsinghrulania/newplacentadata/89/89_thresh.nii.gz
/home/arpitsinghrulania/newplacentadata/90/90.nii.gz,/home/arpitsinghrulania/newplacentadata/90/90_pd.nii.gz,/home/arpitsinghrulania/newplacentadata/90/90_thresh.nii.gz
/home/arpitsinghrulania/newplacentadata/91/91.nii.gz,/home/arpitsinghrulania/newplacentadata/91/91_pd.nii.gz,/home/arpitsinghrulania/newplacentadata/91/91_thresh.nii.gz
/home/arpitsinghrulania/newplacentadata/92/92.nii.gz,/home/arpitsinghrulania/newplacentadata/92/92_pd.nii.gz,/home/arpitsinghrulania/newplacentadata/92/92_thresh.nii.gz
/home/arpitsinghrulania/newplacentadata/93/93.nii.gz,/home/arpitsinghrulania/newplacentadata/93/93_pd.nii.gz,/home/arpitsinghrulania/newplacentadata/93/93_thresh.nii.gz
/home/arpitsinghrulania/newplacentadata/94/94.nii.gz,/home/arpitsinghrulania/newplacentadata/94/94_pd.nii.gz,/home/arpitsinghrulania/newplacentadata/94/94_thresh.nii.gz
/home/arpitsinghrulania/newplacentadata/95/95.nii.gz,/home/arpitsinghrulania/newplacentadata/95/95_pd.nii.gz,/home/arpitsinghrulania/newplacentadata/95/95_thresh.nii.gz
/home/arpitsinghrulania/newplacentadata/96/96.nii.gz,/home/arpitsinghrulania/newplacentadata/96/96_pd.nii.gz,/home/arpitsinghrulania/newplacentadata/96/96_thresh.nii.gz
/home/arpitsinghrulania/newplacentadata/97/97.nii.gz,/home/arpitsinghrulania/newplacentadata/97/97_pd.nii.gz,/home/arpitsinghrulania/newplacentadata/97/97_thresh.nii.gz
/home/arpitsinghrulania/newplacentadata/98/98.nii.gz,/home/arpitsinghrulania/newplacentadata/98/98_pd.nii.gz,/home/arpitsinghrulania/newplacentadata/98/98_thresh.nii.gz
/home/arpitsinghrulania/newplacentadata/99/99.nii.gz,/home/arpitsinghrulania/newplacentadata/99/99_pd.nii.gz,/home/arpitsinghrulania/newplacentadata/99/99_thresh.nii.gz
/home/arpitsinghrulania/newplacentadata/100/100.nii.gz,/home/arpitsinghrulania/newplacentadata/100/100_pd.nii.gz,/home/arpitsinghrulania/newplacentadata/100/100_thresh.nii.gz
/home/arpitsinghrulania/newplacentadata/101/101.nii.gz,/home/arpitsinghrulania/newplacentadata/101/101_pd.nii.gz,/home/arpitsinghrulania/newplacentadata/101/101_thresh.nii.gz
/home/arpitsinghrulania/newplacentadata/102/102.nii.gz,/home/arpitsinghrulania/newplacentadata/102/102_pd.nii.gz,/home/arpitsinghrulania/newplacentadata/102/102_thresh.nii.gz
/home/arpitsinghrulania/newplacentadata/103/103.nii.gz,/home/arpitsinghrulania/newplacentadata/103/103_pd.nii.gz,/home/arpitsinghrulania/newplacentadata/103/103_thresh.nii.gz
/home/arpitsinghrulania/newplacentadata/104/104.nii.gz,/home/arpitsinghrulania/newplacentadata/104/104_pd.nii.gz,/home/arpitsinghrulania/newplacentadata/104/104_thresh.nii.gz
/home/arpitsinghrulania/newplacentadata/105/105.nii.gz,/home/arpitsinghrulania/newplacentadata/105/105_pd.nii.gz,/home/arpitsinghrulania/newplacentadata/105/105_thresh.nii.gz
/home/arpitsinghrulania/newplacentadata/106/106.nii.gz,/home/arpitsinghrulania/newplacentadata/106/106_pd.nii.gz,/home/arpitsinghrulania/newplacentadata/106/106_thresh.nii.gz
/home/arpitsinghrulania/newplacentadata/107/107.nii.gz,/home/arpitsinghrulania/newplacentadata/107/107_pd.nii.gz,/home/arpitsinghrulania/newplacentadata/107/107_thresh.nii.gz
/home/arpitsinghrulania/newplacentadata/108/108.nii.gz,/home/arpitsinghrulania/newplacentadata/108/108_pd.nii.gz,/home/arpitsinghrulania/newplacentadata/108/108_thresh.nii.gz
/home/arpitsinghrulania/newplacentadata/109/109.nii.gz,/home/arpitsinghrulania/newplacentadata/109/109_pd.nii.gz,/home/arpitsinghrulania/newplacentadata/109/109_thresh.nii.gz
/home/arpitsinghrulania/newplacentadata/110/110.nii.gz,/home/arpitsinghrulania/newplacentadata/110/110_pd.nii.gz,/home/arpitsinghrulania/newplacentadata/110/110_thresh.nii.gz
/home/arpitsinghrulania/newplacentadata/111/111.nii.gz,/home/arpitsinghrulania/newplacentadata/111/111_pd.nii.gz,/home/arpitsinghrulania/newplacentadata/111/111_thresh.nii.gz
/home/arpitsinghrulania/newplacentadata/112/112.nii.gz,/home/arpitsinghrulania/newplacentadata/112/112_pd.nii.gz,/home/arpitsinghrulania/newplacentadata/112/112_thresh.nii.gz
/home/arpitsinghrulania/newplacentadata/113/113.nii.gz,/home/arpitsinghrulania/newplacentadata/113/113_pd.nii.gz,/home/arpitsinghrulania/newplacentadata/113/113_thresh.nii.gz
/home/arpitsinghrulania/newplacentadata/114/114.nii.gz,/home/arpitsinghrulania/newplacentadata/114/114_pd.nii.gz,/home/arpitsinghrulania/newplacentadata/114/114_thresh.nii.gz
/home/arpitsinghrulania/newplacentadata/115/115.nii.gz,/home/arpitsinghrulania/newplacentadata/115/115_pd.nii.gz,/home/arpitsinghrulania/newplacentadata/115/115_thresh.nii.gz
/home/arpitsinghrulania/newplacentadata/116/116.nii.gz,/home/arpitsinghrulania/newplacentadata/116/116_pd.nii.gz,/home/arpitsinghrulania/newplacentadata/116/116_thresh.nii.gz
/home/arpitsinghrulania/newplacentadata/117/117.nii.gz,/home/arpitsinghrulania/newplacentadata/117/117_pd.nii.gz,/home/arpitsinghrulania/newplacentadata/117/117_thresh.nii.gz
/home/arpitsinghrulania/newplacentadata/118/118.nii.gz,/home/arpitsinghrulania/newplacentadata/118/118_pd.nii.gz,/home/arpitsinghrulania/newplacentadata/118/118_thresh.nii.gz
/home/arpitsinghrulania/newplacentadata/119/119.nii.gz,/home/arpitsinghrulania/newplacentadata/119/119_pd.nii.gz,/home/arpitsinghrulania/newplacentadata/119/119_thresh.nii.gz
/home/arpitsinghrulania/newplacentadata/120/120.nii.gz,/home/arpitsinghrulania/newplacentadata/120/120_pd.nii.gz,/home/arpitsinghrulania/newplacentadata/120/120_thresh.nii.gz
/home/arpitsinghrulania/newplacentadata/121/121.nii.gz,/home/arpitsinghrulania/newplacentadata/121/121_pd.nii.gz,/home/arpitsinghrulania/newplacentadata/121/121_thresh.nii.gz
/home/arpitsinghrulania/newplacentadata/122/122.nii.gz,/home/arpitsinghrulania/newplacentadata/122/122_pd.nii.gz,/home/arpitsinghrulania/newplacentadata/122/122_thresh.nii.gz
/home/arpitsinghrulania/newplacentadata/123/123.nii.gz,/home/arpitsinghrulania/newplacentadata/123/123_pd.nii.gz,/home/arpitsinghrulania/newplacentadata/123/123_thresh.nii.gz
/home/arpitsinghrulania/newplacentadata/124/124.nii.gz,/home/arpitsinghrulania/newplacentadata/124/124_pd.nii.gz,/home/arpitsinghrulania/newplacentadata/124/124_thresh.nii.gz
/home/arpitsinghrulania/newplacentadata/125/125.nii.gz,/home/arpitsinghrulania/newplacentadata/125/125_pd.nii.gz,/home/arpitsinghrulania/newplacentadata/125/125_thresh.nii.gz
/home/arpitsinghrulania/newplacentadata/126/126.nii.gz,/home/arpitsinghrulania/newplacentadata/126/126_pd.nii.gz,/home/arpitsinghrulania/newplacentadata/126/126_thresh.nii.gz
/home/arpitsinghrulania/newplacentadata/127/127.nii.gz,/home/arpitsinghrulania/newplacentadata/127/127_pd.nii.gz,/home/arpitsinghrulania/newplacentadata/127/127_thresh.nii.gz
/home/arpitsinghrulania/newplacentadata/128/128.nii.gz,/home/arpitsinghrulania/newplacentadata/128/128_pd.nii.gz,/home/arpitsinghrulania/newplacentadata/128/128_thresh.nii.gz
/home/arpitsinghrulania/newplacentadata/129/129.nii.gz,/home/arpitsinghrulania/newplacentadata/129/129_pd.nii.gz,/home/arpitsinghrulania/newplacentadata/129/129_thresh.nii.gz
/home/arpitsinghrulania/newplacentadata/130/130.nii.gz,/home/arpitsinghrulania/newplacentadata/130/130_pd.nii.gz,/home/arpitsinghrulania/newplacentadata/130/130_thresh.nii.gz
/home/arpitsinghrulania/newplacentadata/131/131.nii.gz,/home/arpitsinghrulania/newplacentadata/131/131_pd.nii.gz,/home/arpitsinghrulania/newplacentadata/131/131_thresh.nii.gz
/home/arpitsinghrulania/newplacentadata/132/132.nii.gz,/home/arpitsinghrulania/newplacentadata/132/132_pd.nii.gz,/home/arpitsinghrulania/newplacentadata/132/132_thresh.nii.gz
/home/arpitsinghrulania/newplacentadata/133/133.nii.gz,/home/arpitsinghrulania/newplacentadata/133/133_pd.nii.gz,/home/arpitsinghrulania/newplacentadata/133/133_thresh.nii.gz
/home/arpitsinghrulania/newplacentadata/134/134.nii.gz,/home/arpitsinghrulania/newplacentadata/134/134_pd.nii.gz,/home/arpitsinghrulania/newplacentadata/134/134_thresh.nii.gz
/home/arpitsinghrulania/newplacentadata/135/135.nii.gz,/home/arpitsinghrulania/newplacentadata/135/135_pd.nii.gz,/home/arpitsinghrulania/newplacentadata/135/135_thresh.nii.gz
/home/arpitsinghrulania/newplacentadata/136/136.nii.gz,/home/arpitsinghrulania/newplacentadata/136/136_pd.nii.gz,/home/arpitsinghrulania/newplacentadata/136/136_thresh.nii.gz
/home/arpitsinghrulania/newplacentadata/137/137.nii.gz,/home/arpitsinghrulania/newplacentadata/137/137_pd.nii.gz,/home/arpitsinghrulania/newplacentadata/137/137_thresh.nii.gz
/home/arpitsinghrulania/newplacentadata/138/138.nii.gz,/home/arpitsinghrulania/newplacentadata/138/138_pd.nii.gz,/home/arpitsinghrulania/newplacentadata/138/138_thresh.nii.gz
/home/arpitsinghrulania/newplacentadata/139/139.nii.gz,/home/arpitsinghrulania/newplacentadata/139/139_pd.nii.gz,/home/arpitsinghrulania/newplacentadata/139/139_thresh.nii.gz
/home/arpitsinghrulania/newplacentadata/140/140.nii.gz,/home/arpitsinghrulania/newplacentadata/140/140_pd.nii.gz,/home/arpitsinghrulania/newplacentadata/140/140_thresh.nii.gz
/home/arpitsinghrulania/newplacentadata/141/141.nii.gz,/home/arpitsinghrulania/newplacentadata/141/141_pd.nii.gz,/home/arpitsinghrulania/newplacentadata/141/141_thresh.nii.gz
/home/arpitsinghrulania/newplacentadata/142/142.nii.gz,/home/arpitsinghrulania/newplacentadata/142/142_pd.nii.gz,/home/arpitsinghrulania/newplacentadata/142/142_thresh.nii.gz
/home/arpitsinghrulania/newplacentadata/143/143.nii.gz,/home/arpitsinghrulania/newplacentadata/143/143_pd.nii.gz,/home/arpitsinghrulania/newplacentadata/143/143_thresh.nii.gz
/home/arpitsinghrulania/newplacentadata/144/144.nii.gz,/home/arpitsinghrulania/newplacentadata/144/144_pd.nii.gz,/home/arpitsinghrulania/newplacentadata/144/144_thresh.nii.gz
/home/arpitsinghrulania/newplacentadata/145/145.nii.gz,/home/arpitsinghrulania/newplacentadata/145/145_pd.nii.gz,/home/arpitsinghrulania/newplacentadata/145/145_thresh.nii.gz
/home/arpitsinghrulania/newplacentadata/146/146.nii.gz,/home/arpitsinghrulania/newplacentadata/146/146_pd.nii.gz,/home/arpitsinghrulania/newplacentadata/146/146_thresh.nii.gz
/home/arpitsinghrulania/newplacentadata/147/147.nii.gz,/home/arpitsinghrulania/newplacentadata/147/147_pd.nii.gz,/home/arpitsinghrulania/newplacentadata/147/147_thresh.nii.gz
/home/arpitsinghrulania/newplacentadata/148/148.nii.gz,/home/arpitsinghrulania/newplacentadata/148/148_pd.nii.gz,/home/arpitsinghrulania/newplacentadata/148/148_thresh.nii.gz
/home/arpitsinghrulania/newplacentadata/149/149.nii.gz,/home/arpitsinghrulania/newplacentadata/149/149_pd.nii.gz,/home/arpitsinghrulania/newplacentadata/149/149_thresh.nii.gz
/home/arpitsinghrulania/newplacentadata/150/150.nii.gz,/home/arpitsinghrulania/newplacentadata/150/150_pd.nii.gz,/home/arpitsinghrulania/newplacentadata/150/150_thresh.nii.gz
/home/arpitsinghrulania/newplacentadata/151/151.nii.gz,/home/arpitsinghrulania/newplacentadata/151/151_pd.nii.gz,/home/arpitsinghrulania/newplacentadata/151/151_thresh.nii.gz
/home/arpitsinghrulania/newplacentadata/152/152.nii.gz,/home/arpitsinghrulania/newplacentadata/152/152_pd.nii.gz,/home/arpitsinghrulania/newplacentadata/152/152_thresh.nii.gz
/home/arpitsinghrulania/newplacentadata/153/153.nii.gz,/home/arpitsinghrulania/newplacentadata/153/153_pd.nii.gz,/home/arpitsinghrulania/newplacentadata/153/153_thresh.nii.gz
/home/arpitsinghrulania/newplacentadata/154/154.nii.gz,/home/arpitsinghrulania/newplacentadata/154/154_pd.nii.gz,/home/arpitsinghrulania/newplacentadata/154/154_thresh.nii.gz
/home/arpitsinghrulania/newplacentadata/155/155.nii.gz,/home/arpitsinghrulania/newplacentadata/155/155_pd.nii.gz,/home/arpitsinghrulania/newplacentadata/155/155_thresh.nii.gz
/home/arpitsinghrulania/newplacentadata/156/156.nii.gz,/home/arpitsinghrulania/newplacentadata/156/156_pd.nii.gz,/home/arpitsinghrulania/newplacentadata/156/156_thresh.nii.gz
/home/arpitsinghrulania/newplacentadata/157/157.nii.gz,/home/arpitsinghrulania/newplacentadata/157/157_pd.nii.gz,/home/arpitsinghrulania/newplacentadata/157/157_thresh.nii.gz
/home/arpitsinghrulania/newplacentadata/158/158.nii.gz,/home/arpitsinghrulania/newplacentadata/158/158_pd.nii.gz,/home/arpitsinghrulania/newplacentadata/158/158_thresh.nii.gz
/home/arpitsinghrulania/newplacentadata/159/159.nii.gz,/home/arpitsinghrulania/newplacentadata/159/159_pd.nii.gz,/home/arpitsinghrulania/newplacentadata/159/159_thresh.nii.gz
/home/arpitsinghrulania/newplacentadata/160/160.nii.gz,/home/arpitsinghrulania/newplacentadata/160/160_pd.nii.gz,/home/arpitsinghrulania/newplacentadata/160/160_thresh.nii.gz
/home/arpitsinghrulania/newplacentadata/161/161.nii.gz,/home/arpitsinghrulania/newplacentadata/161/161_pd.nii.gz,/home/arpitsinghrulania/newplacentadata/161/161_thresh.nii.gz
/home/arpitsinghrulania/newplacentadata/162/162.nii.gz,/home/arpitsinghrulania/newplacentadata/162/162_pd.nii.gz,/home/arpitsinghrulania/newplacentadata/162/162_thresh.nii.gz
/home/arpitsinghrulania/newplacentadata/163/163.nii.gz,/home/arpitsinghrulania/newplacentadata/163/163_pd.nii.gz,/home/arpitsinghrulania/newplacentadata/163/163_thresh.nii.gz
/home/arpitsinghrulania/newplacentadata/164/164.nii.gz,/home/arpitsinghrulania/newplacentadata/164/164_pd.nii.gz,/home/arpitsinghrulania/newplacentadata/164/164_thresh.nii.gz
/home/arpitsinghrulania/newplacentadata/165/165.nii.gz,/home/arpitsinghrulania/newplacentadata/165/165_pd.nii.gz,/home/arpitsinghrulania/newplacentadata/165/165_thresh.nii.gz
/home/arpitsinghrulania/newplacentadata/166/166.nii.gz,/home/arpitsinghrulania/newplacentadata/166/166_pd.nii.gz,/home/arpitsinghrulania/newplacentadata/166/166_thresh.nii.gz
/home/arpitsinghrulania/newplacentadata/167/167.nii.gz,/home/arpitsinghrulania/newplacentadata/167/167_pd.nii.gz,/home/arpitsinghrulania/newplacentadata/167/167_thresh.nii.gz
/home/arpitsinghrulania/newplacentadata/168/168.nii.gz,/home/arpitsinghrulania/newplacentadata/168/168_pd.nii.gz,/home/arpitsinghrulania/newplacentadata/168/168_thresh.nii.gz
/home/arpitsinghrulania/newplacentadata/169/169.nii.gz,/home/arpitsinghrulania/newplacentadata/169/169_pd.nii.gz,/home/arpitsinghrulania/newplacentadata/169/169_thresh.nii.gz
/home/arpitsinghrulania/newplacentadata/170/170.nii.gz,/home/arpitsinghrulania/newplacentadata/170/170_pd.nii.gz,/home/arpitsinghrulania/newplacentadata/170/170_thresh.nii.gz
/home/arpitsinghrulania/newplacentadata/171/171.nii.gz,/home/arpitsinghrulania/newplacentadata/171/171_pd.nii.gz,/home/arpitsinghrulania/newplacentadata/171/171_thresh.nii.gz
/home/arpitsinghrulania/newplacentadata/172/172.nii.gz,/home/arpitsinghrulania/newplacentadata/172/172_pd.nii.gz,/home/arpitsinghrulania/newplacentadata/172/172_thresh.nii.gz
/home/arpitsinghrulania/newplacentadata/173/173.nii.gz,/home/arpitsinghrulania/newplacentadata/173/173_pd.nii.gz,/home/arpitsinghrulania/newplacentadata/173/173_thresh.nii.gz
/home/arpitsinghrulania/newplacentadata/174/174.nii.gz,/home/arpitsinghrulania/newplacentadata/174/174_pd.nii.gz,/home/arpitsinghrulania/newplacentadata/174/174_thresh.nii.gz
/home/arpitsinghrulania/newplacentadata/175/175.nii.gz,/home/arpitsinghrulania/newplacentadata/175/175_pd.nii.gz,/home/arpitsinghrulania/newplacentadata/175/175_thresh.nii.gz
/home/arpitsinghrulania/newplacentadata/176/176.nii.gz,/home/arpitsinghrulania/newplacentadata/176/176_pd.nii.gz,/home/arpitsinghrulania/newplacentadata/176/176_thresh.nii.gz
/home/arpitsinghrulania/newplacentadata/177/177.nii.gz,/home/arpitsinghrulania/newplacentadata/177/177_pd.nii.gz,/home/arpitsinghrulania/newplacentadata/177/177_thresh.nii.gz
/home/arpitsinghrulania/newplacentadata/178/178.nii.gz,/home/arpitsinghrulania/newplacentadata/178/178_pd.nii.gz,/home/arpitsinghrulania/newplacentadata/178/178_thresh.nii.gz
/home/arpitsinghrulania/newplacentadata/179/179.nii.gz,/home/arpitsinghrulania/newplacentadata/179/179_pd.nii.gz,/home/arpitsinghrulania/newplacentadata/179/179_thresh.nii.gz
/home/arpitsinghrulania/newplacentadata/180/180.nii.gz,/home/arpitsinghrulania/newplacentadata/180/180_pd.nii.gz,/home/arpitsinghrulania/newplacentadata/180/180_thresh.nii.gz
/home/arpitsinghrulania/newplacentadata/181/181.nii.gz,/home/arpitsinghrulania/newplacentadata/181/181_pd.nii.gz,/home/arpitsinghrulania/newplacentadata/181/181_thresh.nii.gz
/home/arpitsinghrulania/newplacentadata/182/182.nii.gz,/home/arpitsinghrulania/newplacentadata/182/182_pd.nii.gz,/home/arpitsinghrulania/newplacentadata/182/182_thresh.nii.gz
/home/arpitsinghrulania/newplacentadata/183/183.nii.gz,/home/arpitsinghrulania/newplacentadata/183/183_pd.nii.gz,/home/arpitsinghrulania/newplacentadata/183/183_thresh.nii.gz
/home/arpitsinghrulania/newplacentadata/184/184.nii.gz,/home/arpitsinghrulania/newplacentadata/184/184_pd.nii.gz,/home/arpitsinghrulania/newplacentadata/184/184_thresh.nii.gz
/home/arpitsinghrulania/newplacentadata/185/185.nii.gz,/home/arpitsinghrulania/newplacentadata/185/185_pd.nii.gz,/home/arpitsinghrulania/newplacentadata/185/185_thresh.nii.gz
/home/arpitsinghrulania/newplacentadata/186/186.nii.gz,/home/arpitsinghrulania/newplacentadata/186/186_pd.nii.gz,/home/arpitsinghrulania/newplacentadata/186/186_thresh.nii.gz
/home/arpitsinghrulania/newplacentadata/187/187.nii.gz,/home/arpitsinghrulania/newplacentadata/187/187_pd.nii.gz,/home/arpitsinghrulania/newplacentadata/187/187_thresh.nii.gz
/home/arpitsinghrulania/newplacentadata/188/188.nii.gz,/home/arpitsinghrulania/newplacentadata/188/188_pd.nii.gz,/home/arpitsinghrulania/newplacentadata/188/188_thresh.nii.gz
/home/arpitsinghrulania/newplacentadata/189/189.nii.gz,/home/arpitsinghrulania/newplacentadata/189/189_pd.nii.gz,/home/arpitsinghrulania/newplacentadata/189/189_thresh.nii.gz
/home/arpitsinghrulania/newplacentadata/190/190.nii.gz,/home/arpitsinghrulania/newplacentadata/190/190_pd.nii.gz,/home/arpitsinghrulania/newplacentadata/190/190_thresh.nii.gz
/home/arpitsinghrulania/newplacentadata/191/191.nii.gz,/home/arpitsinghrulania/newplacentadata/191/191_pd.nii.gz,/home/arpitsinghrulania/newplacentadata/191/191_thresh.nii.gz
/home/arpitsinghrulania/newplacentadata/192/192.nii.gz,/home/arpitsinghrulania/newplacentadata/192/192_pd.nii.gz,/home/arpitsinghrulania/newplacentadata/192/192_thresh.nii.gz
/home/arpitsinghrulania/newplacentadata/193/193.nii.gz,/home/arpitsinghrulania/newplacentadata/193/193_pd.nii.gz,/home/arpitsinghrulania/newplacentadata/193/193_thresh.nii.gz
/home/arpitsinghrulania/newplacentadata/194/194.nii.gz,/home/arpitsinghrulania/newplacentadata/194/194_pd.nii.gz,/home/arpitsinghrulania/newplacentadata/194/194_thresh.nii.gz
/home/arpitsinghrulania/newplacentadata/195/195.nii.gz,/home/arpitsinghrulania/newplacentadata/195/195_pd.nii.gz,/home/arpitsinghrulania/newplacentadata/195/195_thresh.nii.gz
/home/arpitsinghrulania/newplacentadata/196/196.nii.gz,/home/arpitsinghrulania/newplacentadata/196/196_pd.nii.gz,/home/arpitsinghrulania/newplacentadata/196/196_thresh.nii.gz
/home/arpitsinghrulania/newplacentadata/197/197.nii.gz,/home/arpitsinghrulania/newplacentadata/197/197_pd.nii.gz,/home/arpitsinghrulania/newplacentadata/197/197_thresh.nii.gz
/home/arpitsinghrulania/newplacentadata/198/198.nii.gz,/home/arpitsinghrulania/newplacentadata/198/198_pd.nii.gz,/home/arpitsinghrulania/newplacentadata/198/198_thresh.nii.gz
/home/arpitsinghrulania/newplacentadata/199/199.nii.gz,/home/arpitsinghrulania/newplacentadata/199/199_pd.nii.gz,/home/arpitsinghrulania/newplacentadata/199/199_thresh.nii.gz
/home/arpitsinghrulania/newplacentadata/200/200.nii.gz,/home/arpitsinghrulania/newplacentadata/200/200_pd.nii.gz,/home/arpitsinghrulania/newplacentadata/200/200_thresh.nii.gz
/home/arpitsinghrulania/newplacentadata/201/201.nii.gz,/home/arpitsinghrulania/newplacentadata/201/201_pd.nii.gz,/home/arpitsinghrulania/newplacentadata/201/201_thresh.nii.gz
/home/arpitsinghrulania/newplacentadata/202/202.nii.gz,/home/arpitsinghrulania/newplacentadata/202/202_pd.nii.gz,/home/arpitsinghrulania/newplacentadata/202/202_thresh.nii.gz
/home/arpitsinghrulania/newplacentadata/203/203.nii.gz,/home/arpitsinghrulania/newplacentadata/203/203_pd.nii.gz,/home/arpitsinghrulania/newplacentadata/203/203_thresh.nii.gz
/home/arpitsinghrulania/newplacentadata/204/204.nii.gz,/home/arpitsinghrulania/newplacentadata/204/204_pd.nii.gz,/home/arpitsinghrulania/newplacentadata/204/204_thresh.nii.gz
/home/arpitsinghrulania/newplacentadata/205/205.nii.gz,/home/arpitsinghrulania/newplacentadata/205/205_pd.nii.gz,/home/arpitsinghrulania/newplacentadata/205/205_thresh.nii.gz
/home/arpitsinghrulania/newplacentadata/206/206.nii.gz,/home/arpitsinghrulania/newplacentadata/206/206_pd.nii.gz,/home/arpitsinghrulania/newplacentadata/206/206_thresh.nii.gz
/home/arpitsinghrulania/newplacentadata/207/207.nii.gz,/home/arpitsinghrulania/newplacentadata/207/207_pd.nii.gz,/home/arpitsinghrulania/newplacentadata/207/207_thresh.nii.gz
/home/arpitsinghrulania/newplacentadata/208/208.nii.gz,/home/arpitsinghrulania/newplacentadata/208/208_pd.nii.gz,/home/arpitsinghrulania/newplacentadata/208/208_thresh.nii.gz
/home/arpitsinghrulania/newplacentadata/209/209.nii.gz,/home/arpitsinghrulania/newplacentadata/209/209_pd.nii.gz,/home/arpitsinghrulania/newplacentadata/209/209_thresh.nii.gz
/home/arpitsinghrulania/newplacentadata/210/210.nii.gz,/home/arpitsinghrulania/newplacentadata/210/210_pd.nii.gz,/home/arpitsinghrulania/newplacentadata/210/210_thresh.nii.gz
/home/arpitsinghrulania/newplacentadata/211/211.nii.gz,/home/arpitsinghrulania/newplacentadata/211/211_pd.nii.gz,/home/arpitsinghrulania/newplacentadata/211/211_thresh.nii.gz
/home/arpitsinghrulania/newplacentadata/212/212.nii.gz,/home/arpitsinghrulania/newplacentadata/212/212_pd.nii.gz,/home/arpitsinghrulania/newplacentadata/212/212_thresh.nii.gz
/home/arpitsinghrulania/newplacentadata/213/213.nii.gz,/home/arpitsinghrulania/newplacentadata/213/213_pd.nii.gz,/home/arpitsinghrulania/newplacentadata/213/213_thresh.nii.gz
/home/arpitsinghrulania/newplacentadata/214/214.nii.gz,/home/arpitsinghrulania/newplacentadata/214/214_pd.nii.gz,/home/arpitsinghrulania/newplacentadata/214/214_thresh.nii.gz
/home/arpitsinghrulania/newplacentadata/215/215.nii.gz,/home/arpitsinghrulania/newplacentadata/215/215_pd.nii.gz,/home/arpitsinghrulania/newplacentadata/215/215_thresh.nii.gz
/home/arpitsinghrulania/newplacentadata/216/216.nii.gz,/home/arpitsinghrulania/newplacentadata/216/216_pd.nii.gz,/home/arpitsinghrulania/newplacentadata/216/216_thresh.nii.gz
/home/arpitsinghrulania/newplacentadata/217/217.nii.gz,/home/arpitsinghrulania/newplacentadata/217/217_pd.nii.gz,/home/arpitsinghrulania/newplacentadata/217/217_thresh.nii.gz
/home/arpitsinghrulania/newplacentadata/218/218.nii.gz,/home/arpitsinghrulania/newplacentadata/218/218_pd.nii.gz,/home/arpitsinghrulania/newplacentadata/218/218_thresh.nii.gz
/home/arpitsinghrulania/newplacentadata/219/219.nii.gz,/home/arpitsinghrulania/newplacentadata/219/219_pd.nii.gz,/home/arpitsinghrulania/newplacentadata/219/219_thresh.nii.gz
/home/arpitsinghrulania/newplacentadata/220/220.nii.gz,/home/arpitsinghrulania/newplacentadata/220/220_pd.nii.gz,/home/arpitsinghrulania/newplacentadata/220/220_thresh.nii.gz
/home/arpitsinghrulania/newplacentadata/221/221.nii.gz,/home/arpitsinghrulania/newplacentadata/221/221_pd.nii.gz,/home/arpitsinghrulania/newplacentadata/221/221_thresh.nii.gz
/home/arpitsinghrulania/newplacentadata/222/222.nii.gz,/home/arpitsinghrulania/newplacentadata/222/222_pd.nii.gz,/home/arpitsinghrulania/newplacentadata/222/222_thresh.nii.gz
/home/arpitsinghrulania/newplacentadata/223/223.nii.gz,/home/arpitsinghrulania/newplacentadata/223/223_pd.nii.gz,/home/arpitsinghrulania/newplacentadata/223/223_thresh.nii.gz
/home/arpitsinghrulania/newplacentadata/224/224.nii.gz,/home/arpitsinghrulania/newplacentadata/224/224_pd.nii.gz,/home/arpitsinghrulania/newplacentadata/224/224_thresh.nii.gz
/home/arpitsinghrulania/newplacentadata/225/225.nii.gz,/home/arpitsinghrulania/newplacentadata/225/225_pd.nii.gz,/home/arpitsinghrulania/newplacentadata/225/225_thresh.nii.gz
/home/arpitsinghrulania/newplacentadata/226/226.nii.gz,/home/arpitsinghrulania/newplacentadata/226/226_pd.nii.gz,/home/arpitsinghrulania/newplacentadata/226/226_thresh.nii.gz
/home/arpitsinghrulania/newplacentadata/227/227.nii.gz,/home/arpitsinghrulania/newplacentadata/227/227_pd.nii.gz,/home/arpitsinghrulania/newplacentadata/227/227_thresh.nii.gz
/home/arpitsinghrulania/newplacentadata/228/228.nii.gz,/home/arpitsinghrulania/newplacentadata/228/228_pd.nii.gz,/home/arpitsinghrulania/newplacentadata/228/228_thresh.nii.gz
/home/arpitsinghrulania/newplacentadata/229/229.nii.gz,/home/arpitsinghrulania/newplacentadata/229/229_pd.nii.gz,/home/arpitsinghrulania/newplacentadata/229/229_thresh.nii.gz
/home/arpitsinghrulania/newplacentadata/230/230.nii.gz,/home/arpitsinghrulania/newplacentadata/230/230_pd.nii.gz,/home/arpitsinghrulania/newplacentadata/230/230_thresh.nii.gz
/home/arpitsinghrulania/newplacentadata/231/231.nii.gz,/home/arpitsinghrulania/newplacentadata/231/231_pd.nii.gz,/home/arpitsinghrulania/newplacentadata/231/231_thresh.nii.gz
/home/arpitsinghrulania/newplacentadata/232/232.nii.gz,/home/arpitsinghrulania/newplacentadata/232/232_pd.nii.gz,/home/arpitsinghrulania/newplacentadata/232/232_thresh.nii.gz
/home/arpitsinghrulania/newplacentadata/233/233.nii.gz,/home/arpitsinghrulania/newplacentadata/233/233_pd.nii.gz,/home/arpitsinghrulania/newplacentadata/233/233_thresh.nii.gz
/home/arpitsinghrulania/newplacentadata/234/234.nii.gz,/home/arpitsinghrulania/newplacentadata/234/234_pd.nii.gz,/home/arpitsinghrulania/newplacentadata/234/234_thresh.nii.gz
/home/arpitsinghrulania/newplacentadata/235/235.nii.gz,/home/arpitsinghrulania/newplacentadata/235/235_pd.nii.gz,/home/arpitsinghrulania/newplacentadata/235/235_thresh.nii.gz
/home/arpitsinghrulania/newplacentadata/236/236.nii.gz,/home/arpitsinghrulania/newplacentadata/236/236_pd.nii.gz,/home/arpitsinghrulania/newplacentadata/236/236_thresh.nii.gz
/home/arpitsinghrulania/newplacentadata/237/237.nii.gz,/home/arpitsinghrulania/newplacentadata/237/237_pd.nii.gz,/home/arpitsinghrulania/newplacentadata/237/237_thresh.nii.gz
/home/arpitsinghrulania/newplacentadata/238/238.nii.gz,/home/arpitsinghrulania/newplacentadata/238/238_pd.nii.gz,/home/arpitsinghrulania/newplacentadata/238/238_thresh.nii.gz
/home/arpitsinghrulania/newplacentadata/239/239.nii.gz,/home/arpitsinghrulania/newplacentadata/239/239_pd.nii.gz,/home/arpitsinghrulania/newplacentadata/239/239_thresh.nii.gz
